PRAGMA foreign_keys=OFF;
BEGIN TRANSACTION;
CREATE TABLE deals (
      id TEXT PRIMARY KEY,
      metal TEXT NOT NULL,
      purity TEXT NOT NULL,
      is_pure INTEGER NOT NULL DEFAULT 0,
      quantity_grams REAL NOT NULL,
      pure_equivalent_grams REAL NOT NULL,
      price_per_oz REAL NOT NULL,
      refining_cost_per_gram REAL NOT NULL DEFAULT 0,
      total_cost_usd REAL NOT NULL DEFAULT 0,
      direction TEXT NOT NULL,
      location TEXT NOT NULL,
      status TEXT NOT NULL DEFAULT 'locked',
      date TEXT NOT NULL,
      created_by TEXT NOT NULL DEFAULT 'manual',
      contact_name TEXT DEFAULT ''
    );
INSERT INTO deals VALUES('c8e8632a-bbed-41ff-bd25-14aececf5191','silver','18K',0,798.879999999999995,599.159999999999968,29.4324000000000012,0.149999999999999994,686.800887231340539,'buy','uae','in_refinery','2026-04-05T08:30:39.159Z','simulator','');
INSERT INTO deals VALUES('4bb8bd2f-07d7-4469-8b93-9582ae362938','platinum','24K',1,1209.3599999999999,1209.3599999999999,971.918300000000044,0.0,37789.9308852058457,'buy','uae','in_transit','2026-04-05T10:58:39.160Z','simulator','');
INSERT INTO deals VALUES('1ba721ab-c230-4cd5-b97a-2399f281fcb3','palladium','18K',0,1424.49,1068.36999999999989,999.187099999999986,2.5,37882.1702964135765,'buy','uae','in_transit','2026-04-05T15:06:39.160Z','simulator','');
INSERT INTO deals VALUES('86c62522-53ff-421b-ac45-b07fa18eb4f1','silver','24K',1,3124.71999999999979,3124.71999999999979,29.4240999999999992,0.0,2956.00410731911142,'buy','uae','locked','2026-04-05T10:43:39.160Z','simulator','');
INSERT INTO deals VALUES('18f622fc-4198-4eba-8c8b-6c94e7896748','silver','22K',0,4775.97000000000025,4379.5600000000004,29.5361000000000011,0.149999999999999994,4875.25614642242817,'buy','uae','in_transit','2026-04-05T13:47:39.160Z','simulator','');
INSERT INTO deals VALUES('1211d136-a02b-4c19-9b25-b386146f1d0c','platinum','24K',1,856.470000000000027,856.470000000000027,969.520899999999983,0.0,26696.8529336891333,'buy','uae','in_hk','2026-04-05T10:11:39.160Z','simulator','');
INSERT INTO deals VALUES('39b6c702-365f-487f-870c-ad3ea12aa01f','palladium','24K',1,2848.28999999999996,2848.28999999999996,1003.21209999999996,0.0,91868.728352404054,'buy','uae','in_hk','2026-04-05T14:39:39.160Z','simulator','');
INSERT INTO deals VALUES('2d39664b-43ef-4ce0-88c1-5d8ce0ce1707','platinum','24K',1,777.590000000000031,777.590000000000031,972.282100000000014,0.0,24307.1306489301859,'buy','uae','locked','2026-04-05T10:26:39.160Z','simulator','');
INSERT INTO deals VALUES('f45a99bc-66a4-480f-bda5-9895677dd11a','silver','24K',1,2855.44000000000005,2855.44000000000005,29.5513000000000012,0.0,2712.94111826643347,'buy','uae','locked','2026-04-05T12:55:39.160Z','simulator','');
INSERT INTO deals VALUES('398be236-a826-41b5-aa94-cd73c67cacbf','platinum','22K',0,4694.09000000000014,4304.47999999999956,968.797900000000026,3.0,148156.286898162565,'buy','uae','in_transit','2026-04-05T16:21:39.160Z','simulator','');
INSERT INTO deals VALUES('dd276c0a-4434-488d-80f8-c55e56b9a128','silver','24K',1,4568.84000000000014,4568.84000000000014,29.8037999999999989,0.0,4377.92510784959904,'buy','uae','in_hk','2026-04-05T10:22:39.161Z','simulator','');
INSERT INTO deals VALUES('5e6fbd8f-0c92-44fc-ad6c-a2f72822f0c4','gold','18K',0,926.019999999999981,694.50999999999999,2299.94950000000017,1.5,52744.5985773305219,'buy','uae','locked','2026-04-05T14:03:39.161Z','simulator','');
INSERT INTO deals VALUES('274308c0-9e4c-4890-ab85-f4b4104f45f0','silver','24K',1,3823.3499999999999,3823.3499999999999,29.4492000000000011,0.0,3619.99771151156619,'buy','uae','in_hk','2026-04-05T16:23:39.161Z','simulator','');
INSERT INTO deals VALUES('fb31271c-2448-4b25-83b8-cd700aff79c0','palladium','995',1,1309.66000000000008,1309.66000000000008,1003.15340000000003,0.0,42239.2940294179134,'buy','uae','locked','2026-04-05T08:55:39.161Z','simulator','');
INSERT INTO deals VALUES('556eaee1-3195-4e33-9b79-0d4d1282191a','platinum','24K',1,1881.56999999999993,1881.56999999999993,995.428499999999985,0.0,0.0,'sell','hong_kong','sold','2026-04-05T14:57:39.161Z','simulator','');
INSERT INTO deals VALUES('c339135f-4506-4165-b7cb-f75c7777515a','platinum','24K',1,1042.72000000000002,1042.72000000000002,991.858600000000024,0.0,0.0,'sell','hong_kong','sold','2026-04-05T15:07:39.161Z','simulator','');
INSERT INTO deals VALUES('cde22825-221f-4154-b4f1-f070515f20ca','platinum','24K',1,1136.21000000000003,1136.21000000000003,996.229600000000004,0.0,0.0,'sell','hong_kong','sold','2026-04-05T11:40:39.161Z','simulator','');
INSERT INTO deals VALUES('90414725-da38-40a2-b22a-dea66be4ebdb','platinum','24K',1,2740.5,2740.5,994.907799999999951,0.0,0.0,'sell','hong_kong','sold','2026-04-05T14:21:39.161Z','simulator','');
INSERT INTO deals VALUES('30417c29-dd48-4341-9c09-3206795466ff','gold','24K',1,1710.46000000000003,1710.46000000000003,2347.31129999999984,0.0,0.0,'sell','hong_kong','sold','2026-04-05T16:19:39.161Z','simulator','');
INSERT INTO deals VALUES('a8fb94dc-5f03-42f3-92c6-e509a0e92159','platinum','24K',1,1869.96000000000003,1869.96000000000003,994.34299999999996,0.0,0.0,'sell','hong_kong','sold','2026-04-05T16:29:39.161Z','simulator','');
INSERT INTO deals VALUES('eb32550f-995a-4a77-9ef4-aa42aef5dd2e','palladium','24K',1,2538.82000000000016,2538.82000000000016,1028.42309999999997,0.0,0.0,'sell','hong_kong','sold','2026-04-05T10:27:39.161Z','simulator','');
INSERT INTO deals VALUES('03a52a39-b0e5-4304-8513-3d17cff8477d','palladium','24K',1,2505.11999999999989,2505.11999999999989,1029.12100000000009,0.0,0.0,'sell','hong_kong','sold','2026-04-05T08:59:39.161Z','simulator','');
INSERT INTO deals VALUES('ad54f1d1-72fa-4749-ac29-f70e606c9539','palladium','18K',0,2658.34000000000014,1993.75999999999999,1008.6363,2.5,71300.2686180976452,'buy','uae','locked','2026-04-06T08:35:39.161Z','simulator','');
INSERT INTO deals VALUES('51a71765-a9ba-4402-955e-478dbb237f74','platinum','995',1,1082.68000000000006,1082.68000000000006,968.258699999999976,0.0,33704.0631863295129,'buy','uae','locked','2026-04-06T11:10:39.161Z','simulator','');
INSERT INTO deals VALUES('fd56d521-e256-40a0-bc37-8aaa913d4bf5','gold','24K',1,3618.11999999999989,3618.11999999999989,2315.93659999999999,0.0,269401.724281575996,'buy','uae','in_hk','2026-04-06T09:22:39.161Z','simulator','');
INSERT INTO deals VALUES('c488c922-1d44-4d0e-ad62-73c91b99b61b','platinum','995',1,4642.39000000000032,4642.39000000000032,971.177999999999997,0.0,144954.331037343072,'buy','uae','locked','2026-04-06T11:31:39.161Z','simulator','');
INSERT INTO deals VALUES('63414e5a-d762-4d89-9c1e-4183d578eb5e','gold','999',1,2210.2800000000002,2210.2800000000002,2286.8182999999999,0.0,162506.108705579768,'buy','uae','in_transit','2026-04-06T11:41:39.161Z','simulator','');
INSERT INTO deals VALUES('604da0d6-90e8-4a4c-9a05-794f9dca3ea2','platinum','18K',0,2428.1300000000001,1821.0999999999999,964.827099999999973,3.0,63774.7088326072553,'buy','uae','locked','2026-04-06T09:57:39.161Z','simulator','');
INSERT INTO deals VALUES('1591a610-0002-4b5d-8ea7-adb15faa5ec4','palladium','24K',1,2461.19999999999981,2461.19999999999981,1005.86929999999995,0.0,79593.7923757776297,'buy','uae','in_hk','2026-04-06T12:19:39.161Z','simulator','');
INSERT INTO deals VALUES('9d415782-36d2-44de-b906-d04641c14877','platinum','22K',0,638.309999999999945,585.33000000000004,968.014499999999998,3.0,20131.7842860128293,'buy','uae','in_transit','2026-04-06T12:20:39.161Z','simulator','');
INSERT INTO deals VALUES('4199d45f-cff7-43ca-9de6-a184b4e88332','palladium','24K',1,4366.17000000000007,4366.17000000000007,1017.50519999999994,0.0,142832.822000225045,'buy','uae','in_transit','2026-04-06T16:25:39.161Z','simulator','');
INSERT INTO deals VALUES('91690434-834a-4a4a-a843-e19048118b5d','platinum','22K',0,1301.56999999999993,1193.53999999999996,964.787599999999997,3.0,40926.6719047374062,'buy','uae','in_refinery','2026-04-06T12:37:39.162Z','simulator','');
INSERT INTO deals VALUES('86ec77b3-1a5b-4d45-8c2f-3bbe84b0e73a','palladium','18K',0,2916.28999999999996,2187.2199999999998,1003.90629999999998,2.5,77886.1222217274626,'buy','uae','locked','2026-04-06T15:27:39.162Z','simulator','');
INSERT INTO deals VALUES('4948c69d-af6b-4b52-a1a7-6fdedcb241d1','silver','24K',1,280.379999999999995,280.379999999999995,29.8495999999999988,0.0,269.076819264712924,'buy','uae','in_hk','2026-04-06T09:38:39.162Z','simulator','');
INSERT INTO deals VALUES('3277e746-ce18-429a-b027-352dddced0db','silver','24K',1,1455.93000000000006,1455.93000000000006,29.5151000000000003,0.0,1381.57826427893974,'buy','uae','in_hk','2026-04-06T08:40:39.162Z','simulator','');
INSERT INTO deals VALUES('3acac83e-f58d-490d-8208-cab140eadbc0','platinum','24K',1,1452.0,1452.0,960.686199999999985,0.0,44847.5690002732808,'buy','uae','in_hk','2026-04-06T08:05:39.162Z','simulator','');
INSERT INTO deals VALUES('379c9124-49da-4f0a-b2db-9bbfebc03738','gold','24K',1,1703.97000000000002,1703.97000000000002,2350.35109999999986,0.0,0.0,'sell','hong_kong','sold','2026-04-06T08:02:39.162Z','simulator','');
INSERT INTO deals VALUES('066039c6-91ca-4141-9a5a-7a4f9b873b0c','platinum','24K',1,2766.61999999999989,2766.61999999999989,986.579100000000039,0.0,0.0,'sell','hong_kong','sold','2026-04-06T15:45:39.162Z','simulator','');
INSERT INTO deals VALUES('4a2ab41e-8e9e-4cde-b51b-3f9ab26477c3','silver','24K',1,2383.26999999999998,2383.26999999999998,30.4802999999999997,0.0,0.0,'sell','hong_kong','sold','2026-04-06T15:07:39.162Z','simulator','');
INSERT INTO deals VALUES('932645de-7984-439e-a794-d6da7760cc70','gold','24K',1,1007.96000000000003,1007.96000000000003,2350.23959999999988,0.0,0.0,'sell','hong_kong','sold','2026-04-06T09:50:39.162Z','simulator','');
INSERT INTO deals VALUES('507e9242-9878-4300-b4c4-c497f9edd9b3','platinum','24K',1,682.5,682.5,986.905399999999985,0.0,0.0,'sell','hong_kong','sold','2026-04-06T11:45:39.162Z','simulator','');
INSERT INTO deals VALUES('a90d3dbc-e0eb-4537-9a50-2d4bc0496a26','platinum','24K',1,1137.21000000000003,1137.21000000000003,987.071100000000001,0.0,0.0,'sell','hong_kong','sold','2026-04-06T11:25:39.162Z','simulator','');
INSERT INTO deals VALUES('45230df8-5f72-45de-80ee-ce2032bb7fd0','palladium','24K',1,429.04000000000002,429.04000000000002,1008.91250000000002,0.0,13916.8845628305498,'buy','uae','locked','2026-04-07T09:57:39.162Z','simulator','');
INSERT INTO deals VALUES('a399d6c5-9564-441c-b082-f8ee12b295c5','platinum','18K',0,2368.07000000000016,1776.04999999999995,963.763199999999983,3.0,62136.3327951838145,'buy','uae','locked','2026-04-07T17:25:39.162Z','simulator','');
INSERT INTO deals VALUES('a8a652e5-d92c-49b1-b9a3-1cbc5bb5898b','platinum','24K',1,2056.13999999999987,2056.13999999999987,973.843100000000049,0.0,64377.2485936952434,'buy','uae','locked','2026-04-07T16:55:39.162Z','simulator','');
INSERT INTO deals VALUES('02cc8f6f-42c0-423d-98c2-40f020788e6b','palladium','999',1,3189.46000000000003,3189.46000000000003,1008.34249999999997,0.0,103398.912342662399,'buy','uae','in_hk','2026-04-07T17:56:39.162Z','simulator','');
INSERT INTO deals VALUES('60027258-3278-4ef5-82c8-440c3779480c','silver','999',1,3336.36000000000012,3336.36000000000012,29.8368000000000002,0.0,3200.48567035864107,'buy','uae','in_hk','2026-04-07T12:27:39.162Z','simulator','');
INSERT INTO deals VALUES('e831c57e-cef5-47a6-b9aa-aae87760b07b','platinum','24K',1,1712.93000000000006,1712.93000000000006,967.397799999999961,0.0,53276.4709294452404,'buy','uae','in_hk','2026-04-07T16:49:39.162Z','simulator','');
INSERT INTO deals VALUES('331e5a91-aa7d-4c1f-ab8e-385a271df914','platinum','24K',1,4083.57000000000016,4083.57000000000016,964.489000000000032,0.0,126627.496768209384,'buy','uae','in_transit','2026-04-07T11:22:39.162Z','simulator','');
INSERT INTO deals VALUES('384404d2-3d49-4c78-9c21-cdf86e8c9a1a','palladium','22K',0,134.00999999999999,122.89,1007.3564,2.5,4315.09245208738593,'buy','uae','in_hk','2026-04-07T08:46:39.162Z','simulator','');
INSERT INTO deals VALUES('7735f985-5795-44fc-8657-b1eb20d05ed3','silver','24K',1,3020.11999999999989,3020.11999999999989,29.6804999999999985,0.0,2881.94806565177486,'buy','uae','locked','2026-04-07T12:56:39.162Z','simulator','');
INSERT INTO deals VALUES('f98019a9-3c7b-4456-b297-af26e88d1218','silver','999',1,202.370000000000004,202.370000000000004,29.7042999999999999,0.0,193.266326651341501,'buy','uae','in_transit','2026-04-07T08:39:39.162Z','simulator','');
INSERT INTO deals VALUES('6ca057b9-c796-4757-99f9-6360f29132b8','silver','995',1,3969.5999999999999,3969.5999999999999,29.5330000000000012,0.0,3769.16413908402591,'buy','uae','in_transit','2026-04-07T14:30:39.162Z','simulator','');
INSERT INTO deals VALUES('635a177c-d492-48ac-9bae-97c3eab4dcba','platinum','18K',0,1878.42000000000007,1408.81999999999993,962.163999999999987,3.0,49216.0752291542739,'buy','uae','in_hk','2026-04-07T15:24:39.162Z','simulator','');
INSERT INTO deals VALUES('adac0c1d-8137-4fa0-86a1-d16f84527c07','palladium','18K',0,4306.8100000000004,3230.11000000000012,1009.63869999999997,2.5,115618.378103573544,'buy','uae','in_refinery','2026-04-07T17:32:39.162Z','simulator','');
INSERT INTO deals VALUES('1d4733a5-f7fa-4c55-8667-ec2819871a33','gold','999',1,3653.05999999999994,3653.05999999999994,2304.86119999999982,0.0,270702.533646438503,'buy','uae','locked','2026-04-07T12:03:39.162Z','simulator','');
INSERT INTO deals VALUES('b033d40d-c7de-4867-a5e5-67c212a7b12e','gold','24K',1,2931.55000000000018,2931.55000000000018,2369.54190000000016,0.0,0.0,'sell','hong_kong','sold','2026-04-07T17:23:39.162Z','simulator','');
INSERT INTO deals VALUES('829eaf48-f95e-43e0-9e6d-6558feb2b7bb','palladium','24K',1,2641.8499999999999,2641.8499999999999,1030.70900000000006,0.0,0.0,'sell','hong_kong','sold','2026-04-07T15:24:39.162Z','simulator','');
INSERT INTO deals VALUES('2e3a6ea1-238b-4b20-8faa-4e3e190db853','palladium','24K',1,865.929999999999949,865.929999999999949,1030.14149999999995,0.0,0.0,'sell','hong_kong','sold','2026-04-07T09:39:39.162Z','simulator','');
INSERT INTO deals VALUES('1478ffde-5399-41ba-8aca-331c11bdffa9','platinum','24K',1,1194.43000000000006,1194.43000000000006,995.952499999999986,0.0,0.0,'sell','hong_kong','sold','2026-04-07T16:33:39.162Z','simulator','');
INSERT INTO deals VALUES('dbc92eac-bd1b-4870-84fd-bb981595972b','silver','24K',1,220.599999999999994,220.599999999999994,30.3761000000000009,0.0,0.0,'sell','hong_kong','sold','2026-04-07T09:12:39.163Z','simulator','');
CREATE TABLE payments (
      id TEXT PRIMARY KEY,
      amount REAL NOT NULL,
      currency TEXT NOT NULL,
      direction TEXT NOT NULL,
      mode TEXT NOT NULL,
      from_location TEXT NOT NULL DEFAULT '',
      to_location TEXT NOT NULL DEFAULT '',
      linked_deal_id TEXT,
      date TEXT NOT NULL,
      FOREIGN KEY (linked_deal_id) REFERENCES deals(id)
    );
INSERT INTO payments VALUES('6228ada8-d040-4af4-81a2-9b7aa4dc94ec',686.799999999999954,'USD','sent','bank','hong_kong','uae','c8e8632a-bbed-41ff-bd25-14aececf5191','2026-04-05T08:30:39.159Z');
INSERT INTO payments VALUES('6f748a95-78d0-42b8-97ce-511ca454f499',37789.9300000000002,'USD','sent','bank','hong_kong','uae','4bb8bd2f-07d7-4469-8b93-9582ae362938','2026-04-05T10:58:39.160Z');
INSERT INTO payments VALUES('7b6c0b8b-03de-4d6b-ac04-d219f1afad21',139122.269999999989,'AED','sent','bank','hong_kong','uae','1ba721ab-c230-4cd5-b97a-2399f281fcb3','2026-04-05T15:06:39.160Z');
INSERT INTO payments VALUES('f3165810-3231-482d-8da6-ba815c617045',2956.0,'USD','sent','bank','hong_kong','uae','86c62522-53ff-421b-ac45-b07fa18eb4f1','2026-04-05T10:43:39.160Z');
INSERT INTO payments VALUES('10fa9370-c288-4c4a-b337-37ed41f62aa9',4875.26000000000021,'USD','sent','bank','hong_kong','uae','18f622fc-4198-4eba-8c8b-6c94e7896748','2026-04-05T13:47:39.160Z');
INSERT INTO payments VALUES('dd6a9614-b738-4276-8e78-265706f6e103',98044.1900000000023,'AED','sent','bank','hong_kong','uae','1211d136-a02b-4c19-9b25-b386146f1d0c','2026-04-05T10:11:39.160Z');
INSERT INTO payments VALUES('6e9457e0-5b10-4d55-9fd3-66717c835b6f',337387.900000000023,'AED','sent','bank','hong_kong','uae','39b6c702-365f-487f-870c-ad3ea12aa01f','2026-04-05T14:39:39.160Z');
INSERT INTO payments VALUES('c65e145d-08b8-4297-a96c-2cf1730a1244',89267.9400000000023,'AED','sent','bank','hong_kong','uae','2d39664b-43ef-4ce0-88c1-5d8ce0ce1707','2026-04-05T10:26:39.160Z');
INSERT INTO payments VALUES('187193d0-1ef0-42b6-a514-fdabac07664e',2712.94000000000005,'USD','sent','bank','hong_kong','uae','f45a99bc-66a4-480f-bda5-9895677dd11a','2026-04-05T12:55:39.160Z');
INSERT INTO payments VALUES('d510e365-d0d0-4e94-b01f-a2a64b48dd7c',148156.290000000008,'USD','sent','bank','hong_kong','uae','398be236-a826-41b5-aa94-cd73c67cacbf','2026-04-05T16:21:39.160Z');
INSERT INTO payments VALUES('8eb7e21b-23c1-4d94-9ba9-3457abe7086d',16077.9300000000002,'AED','sent','bank','hong_kong','uae','dd276c0a-4434-488d-80f8-c55e56b9a128','2026-04-05T10:22:39.161Z');
INSERT INTO payments VALUES('b17c8b41-23c3-431d-b59c-dc777b1ed2f9',52744.5999999999985,'USD','sent','bank','hong_kong','uae','5e6fbd8f-0c92-44fc-ad6c-a2f72822f0c4','2026-04-05T14:03:39.161Z');
INSERT INTO payments VALUES('a2cf1835-e7c3-4c67-8796-f6e103830a77',3620.0,'USD','sent','bank','hong_kong','uae','274308c0-9e4c-4890-ab85-f4b4104f45f0','2026-04-05T16:23:39.161Z');
INSERT INTO payments VALUES('dfb42180-e4d2-48cd-a0ff-abaaa3aef0a6',155123.809999999997,'AED','sent','bank','hong_kong','uae','fb31271c-2448-4b25-83b8-cd700aff79c0','2026-04-05T08:55:39.161Z');
INSERT INTO payments VALUES('be98d310-9263-40a8-afb4-22ac0b8cb0ee',470899.190000000002,'HKD','received','local_dealer','hong_kong','uae','556eaee1-3195-4e33-9b79-0d4d1282191a','2026-04-05T14:57:39.161Z');
INSERT INTO payments VALUES('ba347aa5-d3d6-4042-b5b5-72c36cf35ab8',260024.910000000003,'HKD','received','local_dealer','hong_kong','uae','c339135f-4506-4165-b7cb-f75c7777515a','2026-04-05T15:07:39.161Z');
INSERT INTO payments VALUES('d5617f9d-6176-4886-bc3a-00c0681e5f6b',36392.2399999999979,'USD','received','bank','hong_kong','uae','cde22825-221f-4154-b4f1-f070515f20ca','2026-04-05T11:40:39.161Z');
INSERT INTO payments VALUES('b55e6b42-0ac5-40d9-be4b-72c2570eaa71',87660.3899999999994,'USDT','received','crypto_exchange','hong_kong','uae','90414725-da38-40a2-b22a-dea66be4ebdb','2026-04-05T14:21:39.161Z');
INSERT INTO payments VALUES('130336fe-dd40-42cb-8853-c59ee0b087e6',129084.580000000001,'USDT','received','crypto_exchange','hong_kong','uae','30417c29-dd48-4341-9c09-3206795466ff','2026-04-05T16:19:39.161Z');
INSERT INTO payments VALUES('e90ba735-b9a2-4e04-8fc8-ec29c08351bb',467483.219999999972,'HKD','received','local_dealer','hong_kong','uae','a8fb94dc-5f03-42f3-92c6-e509a0e92159','2026-04-05T16:29:39.161Z');
INSERT INTO payments VALUES('f29c6c56-b78f-47e7-8feb-d2c69383aeba',83944.929999999993,'USDT','received','crypto_exchange','hong_kong','uae','eb32550f-995a-4a77-9ef4-aa42aef5dd2e','2026-04-05T10:27:39.161Z');
INSERT INTO payments VALUES('706a16fe-5e56-4c1e-a8bb-08a317a13cce',82886.8600000000005,'USD','received','bank','hong_kong','uae','03a52a39-b0e5-4304-8513-3d17cff8477d','2026-04-05T08:59:39.161Z');
INSERT INTO payments VALUES('767360a5-d7fc-49ab-b9ef-14ee00b08972',261850.23999999999,'AED','sent','bank','hong_kong','uae','ad54f1d1-72fa-4749-ac29-f70e606c9539','2026-04-06T08:35:39.161Z');
INSERT INTO payments VALUES('bdcb5aea-862d-4a3e-a74f-4fdecbf5f1a4',33704.0599999999976,'USD','sent','bank','hong_kong','uae','51a71765-a9ba-4402-955e-478dbb237f74','2026-04-06T11:10:39.161Z');
INSERT INTO payments VALUES('3024b09d-7b58-4918-846f-9dd35865ce82',269401.719999999972,'USD','sent','bank','hong_kong','uae','fd56d521-e256-40a0-bc37-8aaa913d4bf5','2026-04-06T09:22:39.161Z');
INSERT INTO payments VALUES('39d031d9-aeb9-49a4-be97-059fd0e7f0d3',144954.329999999987,'USD','sent','bank','hong_kong','uae','c488c922-1d44-4d0e-ad62-73c91b99b61b','2026-04-06T11:31:39.161Z');
INSERT INTO payments VALUES('b4b4eb8a-a21e-4cde-b2a4-15e947897739',596803.680000000051,'AED','sent','bank','hong_kong','uae','63414e5a-d762-4d89-9c1e-4183d578eb5e','2026-04-06T11:41:39.161Z');
INSERT INTO payments VALUES('d49a2b0d-5fa5-4b4e-916c-ec8b716bd72b',63774.7099999999991,'USD','sent','bank','hong_kong','uae','604da0d6-90e8-4a4c-9a05-794f9dca3ea2','2026-04-06T09:57:39.161Z');
INSERT INTO payments VALUES('e700859d-660a-42c2-9108-0123518fc7d9',79593.7899999999936,'USD','sent','bank','hong_kong','uae','1591a610-0002-4b5d-8ea7-adb15faa5ec4','2026-04-06T12:19:39.161Z');
INSERT INTO payments VALUES('725946d8-a27e-47d6-95b7-760196c40262',73933.9799999999959,'AED','sent','bank','hong_kong','uae','9d415782-36d2-44de-b906-d04641c14877','2026-04-06T12:20:39.161Z');
INSERT INTO payments VALUES('e8ce86b9-7a8c-4ebb-af93-fee8e7392a8e',142832.820000000006,'USD','sent','bank','hong_kong','uae','4199d45f-cff7-43ca-9de6-a184b4e88332','2026-04-06T16:25:39.161Z');
INSERT INTO payments VALUES('21ce3f01-2de0-47e4-a1c1-8599e3c81db7',150303.200000000011,'AED','sent','bank','hong_kong','uae','91690434-834a-4a4a-a843-e19048118b5d','2026-04-06T12:37:39.162Z');
INSERT INTO payments VALUES('9831541b-6b52-4b7d-bf9a-f9c2cd438208',286036.780000000027,'AED','sent','bank','hong_kong','uae','86ec77b3-1a5b-4d45-8c2f-3bbe84b0e73a','2026-04-06T15:27:39.162Z');
INSERT INTO payments VALUES('462eafea-822c-46c1-ba11-d31a7a301131',988.17999999999995,'AED','sent','bank','hong_kong','uae','4948c69d-af6b-4b52-a1a7-6fdedcb241d1','2026-04-06T09:38:39.162Z');
INSERT INTO payments VALUES('9500857e-1921-471b-b5d6-3f8b7c8d61b0',5073.85000000000036,'AED','sent','bank','hong_kong','uae','3277e746-ce18-429a-b027-352dddced0db','2026-04-06T08:40:39.162Z');
INSERT INTO payments VALUES('528c3216-0632-4e1e-a229-1c7ec2df6346',44847.5699999999997,'USD','sent','bank','hong_kong','uae','3acac83e-f58d-490d-8208-cab140eadbc0','2026-04-06T08:05:39.162Z');
INSERT INTO payments VALUES('edd53c99-e8fc-49fc-9a5d-6d725a09dc2d',128761.320000000006,'USDT','received','crypto_exchange','hong_kong','uae','379c9124-49da-4f0a-b2db-9bbfebc03738','2026-04-06T08:02:39.162Z');
INSERT INTO payments VALUES('c95cef5b-bcda-45a0-a4ff-15dec87653ca',686244.560000000055,'HKD','received','local_dealer','hong_kong','uae','066039c6-91ca-4141-9a5a-7a4f9b873b0c','2026-04-06T15:45:39.162Z');
INSERT INTO payments VALUES('f7f544d6-e47f-4b45-a753-3001b0c580bc',18263.75,'HKD','received','local_dealer','hong_kong','uae','4a2ab41e-8e9e-4cde-b51b-3f9ab26477c3','2026-04-06T15:07:39.162Z');
INSERT INTO payments VALUES('c694dc31-8970-4015-aa7b-49d3227c3df8',76163.3699999999953,'USD','received','bank','hong_kong','uae','932645de-7984-439e-a794-d6da7760cc70','2026-04-06T09:50:39.162Z');
INSERT INTO payments VALUES('8e5fe4a7-69c7-45a1-89c7-6360dba3aa06',21655.5400000000008,'USD','received','bank','hong_kong','uae','507e9242-9878-4300-b4c4-c497f9edd9b3','2026-04-06T11:45:39.162Z');
INSERT INTO payments VALUES('58d49858-4207-46dd-99d5-252aa4a16412',36089.4199999999982,'USD','received','bank','hong_kong','uae','a90d3dbc-e0eb-4537-9a50-2d4bc0496a26','2026-04-06T11:25:39.162Z');
INSERT INTO payments VALUES('793f4e86-cb96-455d-98d7-636a18b463d0',51109.760000000002,'AED','sent','bank','hong_kong','uae','45230df8-5f72-45de-80ee-ce2032bb7fd0','2026-04-07T09:57:39.162Z');
INSERT INTO payments VALUES('fb8d0c3c-9a75-4a6f-ac70-2caa40b3bf7a',62136.3300000000017,'USD','sent','bank','hong_kong','uae','a399d6c5-9564-441c-b082-f8ee12b295c5','2026-04-07T17:25:39.162Z');
INSERT INTO payments VALUES('bab05f14-eb2a-493c-8607-3f281cf6e74a',64377.25,'USD','sent','bank','hong_kong','uae','a8a652e5-d92c-49b1-b9a3-1cbc5bb5898b','2026-04-07T16:55:39.162Z');
INSERT INTO payments VALUES('2d37412e-240e-449c-ac8b-dacdfc545d3b',379732.510000000009,'AED','sent','bank','hong_kong','uae','02cc8f6f-42c0-423d-98c2-40f020788e6b','2026-04-07T17:56:39.162Z');
INSERT INTO payments VALUES('0426b8cd-5876-490e-95d0-92d3281c8eb3',11753.7800000000006,'AED','sent','bank','hong_kong','uae','60027258-3278-4ef5-82c8-440c3779480c','2026-04-07T12:27:39.162Z');
INSERT INTO payments VALUES('f38fd001-77d6-4533-a403-8423639a2029',195657.839999999996,'AED','sent','bank','hong_kong','uae','e831c57e-cef5-47a6-b9aa-aae87760b07b','2026-04-07T16:49:39.162Z');
INSERT INTO payments VALUES('3c9a5e23-289f-4666-833c-5d3cb6d26207',126627.5,'USD','sent','bank','hong_kong','uae','331e5a91-aa7d-4c1f-ab8e-385a271df914','2026-04-07T11:22:39.162Z');
INSERT INTO payments VALUES('2bf49f66-b4ab-4907-ae5c-e2a2bebd3709',15847.1800000000002,'AED','sent','bank','hong_kong','uae','384404d2-3d49-4c78-9c21-cdf86e8c9a1a','2026-04-07T08:46:39.162Z');
INSERT INTO payments VALUES('dd8ff895-72ed-4998-9944-18764e985aa8',2881.94999999999981,'USD','sent','bank','hong_kong','uae','7735f985-5795-44fc-8657-b1eb20d05ed3','2026-04-07T12:56:39.162Z');
INSERT INTO payments VALUES('c0ccb5a2-e39b-4e2b-a16f-e70b78ec7347',709.769999999999981,'AED','sent','bank','hong_kong','uae','f98019a9-3c7b-4456-b297-af26e88d1218','2026-04-07T08:39:39.162Z');
INSERT INTO payments VALUES('f0caefe4-d39c-4f29-a656-d2150409ad05',3769.15999999999985,'USD','sent','bank','hong_kong','uae','6ca057b9-c796-4757-99f9-6360f29132b8','2026-04-07T14:30:39.162Z');
INSERT INTO payments VALUES('f465a932-a7fc-44d7-9d14-a784888e0abf',180746.040000000008,'AED','sent','bank','hong_kong','uae','635a177c-d492-48ac-9bae-97c3eab4dcba','2026-04-07T15:24:39.162Z');
INSERT INTO payments VALUES('3b05c36b-f668-45a7-a7b0-1c149b69c8cf',424608.48999999999,'AED','sent','bank','hong_kong','uae','adac0c1d-8137-4fa0-86a1-d16f84527c07','2026-04-07T17:32:39.162Z');
INSERT INTO payments VALUES('af797455-dc3d-40c5-8363-bf6f266b89fd',994155.050000000046,'AED','sent','bank','hong_kong','uae','1d4733a5-f7fa-4c55-8667-ec2819871a33','2026-04-07T12:03:39.162Z');
INSERT INTO payments VALUES('1938d26d-102e-482c-aca8-158d2022150e',223332.760000000009,'USDT','received','crypto_exchange','hong_kong','uae','b033d40d-c7de-4867-a5e5-67c212a7b12e','2026-04-07T17:23:39.162Z');
INSERT INTO payments VALUES('f90c7619-8038-4a00-a481-f5294e6fd5ff',87545.7299999999959,'USDT','received','crypto_exchange','hong_kong','uae','829eaf48-f95e-43e0-9e6d-6558feb2b7bb','2026-04-07T15:24:39.162Z');
INSERT INTO payments VALUES('b79818a8-1838-4a1f-ab17-bdd7ace4c01f',28679.4199999999982,'USD','received','bank','hong_kong','uae','2e3a6ea1-238b-4b20-8faa-4e3e190db853','2026-04-07T09:39:39.162Z');
INSERT INTO payments VALUES('d9171e4f-d2b5-4ff5-9288-9962b73f915a',299086.510000000009,'HKD','received','local_dealer','hong_kong','uae','1478ffde-5399-41ba-8aca-331c11bdffa9','2026-04-07T16:33:39.162Z');
INSERT INTO payments VALUES('7c2762c4-307a-4323-836a-1b221c1ec9b1',215.439999999999997,'USDT','received','crypto_exchange','hong_kong','uae','dbc92eac-bd1b-4870-84fd-bb981595972b','2026-04-07T09:12:39.163Z');
CREATE TABLE prices (
      metal TEXT PRIMARY KEY,
      price_usd REAL NOT NULL,
      prev_close REAL NOT NULL,
      change REAL NOT NULL DEFAULT 0,
      change_pct REAL NOT NULL DEFAULT 0,
      source TEXT NOT NULL DEFAULT 'demo',
      fetched_at TEXT NOT NULL
    );
INSERT INTO prices VALUES('XAU',2341.5677999999998,2328.42000000000007,13.1477999999997337,0.564666168474748264,'demo','2026-04-07T13:27:39.163Z');
INSERT INTO prices VALUES('XAG',30.2450000000000009,29.8700000000000009,0.375,1.25544024104452622,'demo','2026-04-07T13:27:39.163Z');
INSERT INTO prices VALUES('XPT',982.340000000000031,978.149999999999977,4.19000000000005457,0.428359658539084475,'demo','2026-04-07T13:27:39.163Z');
INSERT INTO prices VALUES('XPD',1024.77999999999997,1018.5,6.27999999999997271,0.61659302896416035,'demo','2026-04-07T13:27:39.163Z');
CREATE TABLE settings (
      key TEXT PRIMARY KEY,
      value TEXT NOT NULL
    );
CREATE TABLE whatsapp_messages (
      id TEXT PRIMARY KEY,
      contact_name TEXT NOT NULL,
      contact_location TEXT NOT NULL,
      direction TEXT NOT NULL,
      message TEXT NOT NULL,
      is_lock INTEGER NOT NULL DEFAULT 0,
      linked_deal_id TEXT,
      timestamp TEXT NOT NULL
    );
COMMIT;
